Workbook

Sheet Instrucciones
B2: EVALUACION HEURISTICA DE USABILIDAD - NIELSEN
B3: Ingenieria de Software - Calidad y Pruebas - Plantilla de Evaluacion
B5: INSTRUCCIONES DE USO
B6: 1. Complete los datos del equipo evaluador en esta hoja.
B7: 2. Navegue por el MVP asignado durante al menos 20 minutos antes de evaluar.
B8: 3. Use la hoja 'Evaluacion' para registrar todos los problemas encontrados.
B9: 4. Para cada problema, asigne una severidad segun la escala de Nielsen (0 a 4).
B10: 5. Documente con capturas de pantalla o notas descriptivas en la columna Evidencia.
B11: 6. La hoja 'Resumen' se actualiza automaticamente al completar la evaluacion.
B12: 7. La hoja 'Referencia' contiene los principios y ejemplos para consulta.
B15: ESCALA DE SEVERIDAD (Nielsen, 1994)
B16: 0 | C16: No es un problema de usabilidad
B17: 1 | C17: Problema cosmético | corregir solo si hay tiempo
B18: 2 | C18: Problema menor | baja prioridad de correccion
B19: 3 | C19: Problema mayor | alta prioridad, dificulta el uso
B20: 4 | C20: CATASTROFICO | imperativo corregir antes del lanzamiento

Sheet Evaluacion
A1: REGISTRO DE PROBLEMAS DE USABILIDAD — EVALUACION HEURISTICA
A2: Complete una fila por cada problema encontrado. Puede agregar mas filas segun sea necesario.
A3: # | B3: Heuristica | C3: Descripcion del problema | D3: Ubicacion en el MVP | E3: Severidad (0-4) | F3: Evidencia (captura/URL) | G3: Recomendacion de mejora | H3: Evaluador
A4: 1 | B4: H1 - Visibilidad del estado | C4: La paginación al pie de la tabla ("Anterior · 1 · 2 · Siguiente") es decorativa: no responde al clic ni refleja el número real de páginas, por lo que el usuario no sabe en qué página está ni cuántas hay. Además, al registrar se indica "Se enviará un correo de bienvenida" pero no hay confirmación de que ocurra. | D4: Gestión de Usuarios > pie de la tabla (paginación) y interfaz de registro | E4: 2 | G4: Hacer funcional la paginación mostrando la página actual y el total real, o quitarla mientras no opere; confirmar el envío del correo de bienvenida con una notificación.
A5: 2 | B5: H2 - Sistema y mundo real | C5: Inconsistencia de términos para el mismo dato: el formulario usa la etiqueta "Medio de Notificación" mientras la columna de la tabla se titula "Notificaciones". El ícono rojo UserX usado para "Desactivar" puede leerse como "eliminar/error" en lugar de un cambio de estado reversible. | D5: Gestión de Usuarios (tabla) y interfaz de usuario | E5: 1 | G5: Unificar el término ("Medio de notificación") en formulario y tabla; usar para desactivar un ícono/color que comunique pausa o estado, no peligro.
A6: 3 | B6: H3 - Control y libertad | C6: Tras desactivar o eliminar un usuario no existe forma de deshacer la acción. En desactivación obliga a buscar de nuevo al usuario y reactivarlo manualmente; en eliminación, la pérdida es definitiva. No hay "deshacer" en la notificación de éxito. | D6: Gestión de Usuarios > acciones de fila + pestaña de confirmacion | E6: 3 | G6: Ofrecer un "Deshacer" temporal en la notificación toast tras desactivar/eliminar y permitir revertir el último cambio de estado.
A7: 4 | B7: H4 - Consistencia y estandares | C7: Los íconos UserCheck y UserX se usan a la vez con dos significados distintos en la misma fila: como indicador de estado (Activo/Inactivo) y como botón de acción para activar/desactivar al usuario. El mismo símbolo representa simultáneamente un estado y una acción, lo que rompe la consistencia visual. | D7: Gestión de Usuarios > columna Estado (píldora) y columna Acciones (botón activar/desactivar) | E7: 2 | G7: Diferenciar la simbología: usar un ícono para el indicador de estado y otro distinto para la acción de cambiar el estado, evitando que un mismo símbolo tenga dos significados.
A8: 5 | B8: H5 - Prevencion de errores | C8: El sistema permite ELIMINAR permanentemente un usuario (acción irreversible); el único freno es la pestaña de confirmación. | D8: Gestión de Usuarios > acción Eliminar | E8: 4 | G8: Eliminar la opción de borrado físico (sustituir por desactivación, conforme al RF-01) y validar el dígito verificador del RUT chileno (módulo 11) antes de guardar.
A9: 6 | B9: H6 - Reconocimiento > recuerdo | C9: Después de registrar o editar un usuario, el modal se cierra pero la fila correspondiente no se resalta ni la tabla se desplaza hasta ella. En una lista larga, el administrador debe recordar el nombre que acaba de ingresar y buscarlo manualmente para verificar que el cambio se aplicó. | D9: Gestión de Usuarios > tabla, tras guardar en el modal | E9: 2 | G9: Resaltar momentáneamente la fila creada/editada y desplazar la tabla hasta ella, para que el usuario reconozca el resultado sin tener que recordar y buscar el dato.
A10: 7 | B10: H7 - Flexibilidad y eficiencia | C10: No hay acciones masivas (p. ej. desactivar varios usuarios a la vez) ni ordenamiento por columna; la paginación no funciona y no existe registro/importación múltiple. Con muchos usuarios, gestionar de a uno es ineficiente | D10: Gestión de Usuarios > tabla y barra de acciones | E10: 2 | G10: Agregar selección múltiple con acciones masivas, ordenamiento por columna y paginación real; opcionalmente importar usuarios desde CSV.
A11: 8 | B11: H8 - Diseño minimalista | C11: Cada fila de la tabla concentra muchos elementos coloreados que compiten por la atención: el avatar con iniciales, el rol con cuatro colores distintos posibles, la píldora de estado con su propio ícono y color, y tres íconos de acción también coloreados. La densidad visual resta foco a la información clave del usuario. | D11: Gestión de Usuarios > filas de la tabla | E11: 1 | G11: Reducir la cantidad de color por fila: usar una sola codificación cromática relevante (p. ej. estado) y mantener rol y acciones en tonos neutros para una lectura más limpia.
A12: 9 | B12: H9 - Recuperacion de errores | C12: Al registrar un usuario no se valida la duplicidad de RUT ni de correo: el formulario solo comprueba que no estén vacíos y que el correo tenga formato válido. Es posible crear dos usuarios con el mismo RUT o correo sin recibir ningún error, y el sistema no ofrece forma de detectar ni corregir el duplicado. | D12: Gestión de Usuarios > modal de usuario (validación al guardar) | E12: 3 | G12: Validar que el RUT y el correo no existan ya en el sistema antes de guardar y mostrar un mensaje claro indicando el registro duplicado para que el usuario pueda corregirlo.
A13: 10 | B13: H10 - Ayuda y documentacion | C13: La nota del formulario indica que al registrar un usuario "Se enviará un correo de bienvenida con las credenciales de acceso", pero no documenta qué credenciales se generan, cómo se entregan, ni qué debe hacer el administrador o el usuario si el correo no llega. No hay ayuda sobre ese flujo posterior al registro. | D13: Gestión de Usuarios > modal de registro (nota inferior) | E13: 2 | G13: Documentar el flujo del correo de bienvenida: qué credenciales se generan, cómo accede el usuario y qué hacer si no recibe el correo (reenviar, contactar a soporte), mediante ayuda contextual o un enlace a la guía.
A14: 11
A15: 12
A16: 13
A17: 14
A18: 15
A19: 16
A20: 17
A21: 18
A22: 19
A23: 20
A24: 21
A25: 22
... A28: 25

Sheet Resumen
B1: RESUMEN EJECUTIVO EVALUACION HEURISTICA
B2: Los valores se calculan automaticamente desde la hoja Evaluacion
B4: METRICAS GLOBALES
B5: Total de problemas registrados | C5: =COUNTA(Evaluacion!C4:C28) -> 10
B6: Promedio de severidad | C6: =IFERROR(AVERAGE(Evaluacion!E4:E28),0) -> 2.2
B7: Problemas catastroficos (sev. 4) | C7: =COUNTIF(Evaluacion!E4:E28,4) -> 1
B8: Problemas mayores (sev. 3) | C8: =COUNTIF(Evaluacion!E4:E28,3) -> 2
B9: Problemas menores (sev. 1-2) | C9: =COUNTIFS(Evaluacion!E4:E28,">=1",Evaluacion!E4:E28,"<=2") -> 7
B11: DISTRIBUCION POR HEURISTICA
B12: Heuristica | C12: # Problemas | D12: Sev. Max. | E12: Sev. Prom. | F12: Estado | G12: Prioridad
B13: H1 - Visibilidad del estado | C13: 1 | D13: 2 | E13: =IFERROR(AVERAGEIF(Evaluacion!B4:B28,"*H1*",Evaluacion!E4:E28),0) -> 2 | F13: =IF(C13=0,"Sin problemas",IF(D13>=4,"CRITICO",IF(D13>=3,"MAYOR","MENOR"))) -> MENOR | G13: =IF(C13=0,"Sin problemas",IF(D13=4,"1 - Inmediata",IF(D13=3,"2 - Alta",IF(D13=2,"3 - Media","4 - Baja")))) -> 3 - Media
B14: H2 - Sistema y mundo real | C14: =COUNTIF(Evaluacion!B4:B28,"*H2*") -> 1 | D14: 1 | E14: =IFERROR(AVERAGEIF(Evaluacion!B4:B28,"*H2*",Evaluacion!E4:E28),0) -> 1 | F14: =IF(C14=0,"Sin problemas",IF(D14>=4,"CRITICO",IF(D14>=3,"MAYOR","MENOR"))) -> MENOR | G14: =IF(C14=0,"Sin problemas",IF(D14=4,"1 - Inmediata",IF(D14=3,"2 - Alta",IF(D14=2,"3 - Media","4 - Baja")))) -> 4 - Baja
B15: H3 - Control y libertad | C15: =COUNTIF(Evaluacion!B4:B28,"*H3*") -> 1 | D15: 3 | E15: =IFERROR(AVERAGEIF(Evaluacion!B4:B28,"*H3*",Evaluacion!E4:E28),0) -> 3 | F15: =IF(C15=0,"Sin problemas",IF(D15>=4,"CRITICO",IF(D15>=3,"MAYOR","MENOR"))) -> MAYOR | G15: =IF(C15=0,"Sin problemas",IF(D15=4,"1 - Inmediata",IF(D15=3,"2 - Alta",IF(D15=2,"3 - Media","4 - Baja")))) -> 2 - Alta
B16: H4 - Consistencia y estandares | C16: =COUNTIF(Evaluacion!B4:B28,"*H4*") -> 1 | D16: 2 | E16: =IFERROR(AVERAGEIF(Evaluacion!B4:B28,"*H4*",Evaluacion!E4:E28),0) -> 2 | F16: =IF(C16=0,"Sin problemas",IF(D16>=4,"CRITICO",IF(D16>=3,"MAYOR","MENOR"))) -> MENOR | G16: =IF(C16=0,"Sin problemas",IF(D16=4,"1 - Inmediata",IF(D16=3,"2 - Alta",IF(D16=2,"3 - Media","4 - Baja")))) -> 3 - Media
B17: H5 - Prevencion de errores | C17: =COUNTIF(Evaluacion!B4:B28,"*H5*") -> 1 | D17: 4 | E17: =IFERROR(AVERAGEIF(Evaluacion!B4:B28,"*H5*",Evaluacion!E4:E28),0) -> 4 | F17: =IF(C17=0,"Sin problemas",IF(D17>=4,"CRITICO",IF(D17>=3,"MAYOR","MENOR"))) -> CRITICO | G17: =IF(C17=0,"Sin problemas",IF(D17=4,"1 - Inmediata",IF(D17=3,"2 - Alta",IF(D17=2,"3 - Media","4 - Baja")))) -> 1 - Inmediata
B18: H6 - Reconocimiento > recuerdo | C18: =COUNTIF(Evaluacion!B4:B28,"*H6*") -> 1 | D18: 2 | E18: =IFERROR(AVERAGEIF(Evaluacion!B4:B28,"*H6*",Evaluacion!E4:E28),0) -> 2 | F18: =IF(C18=0,"Sin problemas",IF(D18>=4,"CRITICO",IF(D18>=3,"MAYOR","MENOR"))) -> MENOR | G18: =IF(C18=0,"Sin problemas",IF(D18=4,"1 - Inmediata",IF(D18=3,"2 - Alta",IF(D18=2,"3 - Media","4 - Baja")))) -> 3 - Media
B19: H7 - Flexibilidad y eficiencia | C19: =COUNTIF(Evaluacion!B4:B28,"*H7*") -> 1 | D19: 2 | E19: =IFERROR(AVERAGEIF(Evaluacion!B4:B28,"*H7*",Evaluacion!E4:E28),0) -> 2 | F19: =IF(C19=0,"Sin problemas",IF(D19>=4,"CRITICO",IF(D19>=3,"MAYOR","MENOR"))) -> MENOR | G19: =IF(C19=0,"Sin problemas",IF(D19=4,"1 - Inmediata",IF(D19=3,"2 - Alta",IF(D19=2,"3 - Media","4 - Baja")))) -> 3 - Media
B20: H8 - Diseno minimalista | C20: =COUNTIF(Evaluacion!B4:B28,"*H8*") -> 1 | D20: 1 | E20: =IFERROR(AVERAGEIF(Evaluacion!B4:B28,"*H8*",Evaluacion!E4:E28),0) -> 1 | F20: =IF(C20=0,"Sin problemas",IF(D20>=4,"CRITICO",IF(D20>=3,"MAYOR","MENOR"))) -> MENOR | G20: =IF(C20=0,"Sin problemas",IF(D20=4,"1 - Inmediata",IF(D20=3,"2 - Alta",IF(D20=2,"3 - Media","4 - Baja")))) -> 4 - Baja
B21: H9 - Recuperacion de errores | C21: =COUNTIF(Evaluacion!B4:B28,"*H9*") -> 1 | D21: 3 | E21: =IFERROR(AVERAGEIF(Evaluacion!B4:B28,"*H9*",Evaluacion!E4:E28),0) -> 3 | F21: =IF(C21=0,"Sin problemas",IF(D21>=4,"CRITICO",IF(D21>=3,"MAYOR","MENOR"))) -> MAYOR | G21: =IF(C21=0,"Sin problemas",IF(D21=4,"1 - Inmediata",IF(D21=3,"2 - Alta",IF(D21=2,"3 - Media","4 - Baja")))) -> 2 - Alta
B22: H10 - Ayuda y documentacion | C22: =COUNTIF(Evaluacion!B4:B28,"*H10*") -> 1 | D22: 2 | E22: =IFERROR(AVERAGEIF(Evaluacion!B4:B28,"*H10*",Evaluacion!E4:E28),0) -> 2 | F22: =IF(C22=0,"Sin problemas",IF(D22>=4,"CRITICO",IF(D22>=3,"MAYOR","MENOR"))) -> MENOR | G22: =IF(C22=0,"Sin problemas",IF(D22=4,"1 - Inmediata",IF(D22=3,"2 - Alta",IF(D22=2,"3 - Media","4 - Baja")))) -> 3 - Media

Sheet Referencia
B1: REFERENCIA RAPIDA — 10 HEURISTICAS DE NIELSEN
B2: Consulta este panel mientras evaluas el MVP. Los ejemplos son orientativos para sistemas web/movil.
B3: # | C3: Heuristica | D3: Descripcion del principio | E3: Ejemplo en MVP (buena practica) | F3: Señal de problema a registrar
B4: H1 | C4: Visibilidad del estado | D4: El sistema mantiene informado al usuario sobre lo que ocurre mediante feedback oportuno. | E4: Barra de progreso al subir archivos. Spinner de carga. Toast de confirmacion al guardar datos. | F4: Boton que no responde visualmente. Sin indicador de carga. Usuario no sabe si la accion funciono.
B5: H2 | C5: Sistema y mundo real | D5: El sistema usa el lenguaje del usuario: palabras y conceptos familiares, no tecnicos. | E5: Icono de carrito para compras. 'Papelera' para eliminar. Fechas en formato dd/mm/aaaa. | F5: Mensajes tecnicos: 'Error 403 Forbidden'. Terminos internos del sistema expuestos al usuario.
B6: H3 | C6: Control y libertad | D6: El usuario puede salir de acciones no deseadas con salidas de emergencia claras. | E6: Opcion Deshacer al eliminar elemento. Boton Cancelar en formularios. Navegacion por pasos reversible. | F6: Sin forma de cancelar un proceso. Formulario sin boton Atras. Sin opcion de deshacer eliminacion.
B7: H4 | C7: Consistencia y estandares | D7: Las mismas acciones y elementos se comportan igual en todo el sistema. | E7: Boton primario mismo color en todo el sistema. Color rojo siempre indica error. Campos en mismo orden. | F7: Guardar, Registrar y Confirmar para la misma accion. Botones de distinto color por modulo.
B8: H5 | C8: Prevencion de errores | D8: El diseño evita que los errores ocurran antes de que el usuario los cometa. | E8: Campo deshabilitado si falta informacion. Confirmacion antes de eliminar. Validacion en tiempo real. | F8: Fecha 30/02 se acepta sin validar. Boton Enviar activo con campos requeridos vacios.
B9: H6 | C9: Reconocimiento > recuerdo | D9: Minimizar la carga de memoria: las opciones disponibles deben ser visibles, no memorizadas. | E9: Autocompletado en busquedas. Historial de elementos recientes. Breadcrumbs de navegacion. | F9: Usuario debe recordar sintaxis exacta. Formulario borra datos al navegar hacia atras.
B10: H7 | C10: Flexibilidad y eficiencia | D10: Atajos para expertos sin afectar la experiencia de usuarios nuevos. | E10: Atajos de teclado Ctrl+N. Filtros guardados. Exportacion masiva de datos con un clic. | F10: Solo se puede registrar de uno en uno. No hay forma de repetir la ultima accion ejecutada.
B11: H8 | C11: Diseño minimalista | D11: Solo la informacion necesaria: los elementos irrelevantes compiten por la atencion del usuario. | E11: Dashboard con 3 a 5 metricas clave. Formulario en pasos, no todo en una pantalla. | F11: 20 botones visibles simultaneamente. Panel con informacion que nunca se usa en el flujo principal.
B12: H9 | C12: Recuperacion de errores | D12: Los mensajes de error son claros, indican el problema exacto y sugieren una solucion concreta. | E12: 'El correo no tiene formato valido (ej: usuario@dominio.com)'. Enlace directo a solucion del error. | F12: 'Error 500'. 'Operacion fallida'. Mensaje generico sin indicar que hacer para resolverlo.
B13: H10 | C13: Ayuda y documentacion | D13: La ayuda es facil de encontrar, orientada a tareas concretas y accesible desde el flujo. | E13: Tooltip contextual en campos complejos. Guia de inicio rapido. FAQ con buscador integrado. | F13: Manual PDF de 80 paginas sin buscador. Ayuda solo accesible desde el menu principal oculto.

Sheet Hoja1
A1: H1 - Visibilidad del estado
A2: H2 - Sistema y mundo real
A3: H3 - Control y libertad
A4: H4 - Consistencia y estandares
A5: H5 - Prevencion de errores
A6: H6 - Reconocimiento > recuerdo
A7: H7 - Flexibilidad y eficiencia
A8: H8 - Diseño minimalista
A9: H9 - Recuperacion de errores
A10: H10 - Ayuda y documentacion
